关于公示北京市2020年第四批拟认定高新技术企业名单的通知,http://www.innocom.gov.cn/gqrdw/c101407/202012/666ad0376bbb467e838987175f8008f3.shtml
关于公示北京市2020年第三批拟认定高新技术企业名单的通知,http://www.innocom.gov.cn/gqrdw/c101407/202012/1e7db79ef0d7461aa3936fac415c04a5.shtml
关于公示北京市2020年第二批拟认定高新技术企业名单的通知,http://www.innocom.gov.cn/gqrdw/c101407/202010/098d35b4b5734b6bbbc55358622fd80a.shtml
关于公示北京市2020年第一批拟认定高新技术企业名单的通知,http://www.innocom.gov.cn/gqrdw/c101407/202007/de15e2c92a0b48f296f2d8422c68dffc.shtml
关于公示北京市2019年第四批拟认定高新技术企业名单的通知,http://www.innocom.gov.cn/gqrdw/c101407/201912/bd3b3bfc46c343788d0dadf90875c17c.shtml
关于公示北京市2019年第三批拟认定高新技术企业名单的通知,http://www.innocom.gov.cn/gqrdw/c101407/201912/06dd78f3f0714c50adece92911e77239.shtml
关于公示北京市2019年第二批拟认定高新技术企业名单的通知,http://www.innocom.gov.cn/gqrdw/c101407/201910/4bdfaee0b8ec413cbfcd5008761cc58e.shtml
关于公示北京市2019年第一批拟认定高新技术企业名单的通知,http://www.innocom.gov.cn/gqrdw/c101407/201907/262e48601f5b4cda913caee506c0e01e.shtml
关于公示北京市2018年第四批拟认定高新技术企业名单的通知,http://www.innocom.gov.cn/gqrdw/c101407/201811/7905687b888f4280bcbb84c4adc99bf2.shtml
关于公示北京市2018年第三批拟认定高新技术企业名单的通知,http://www.innocom.gov.cn/gqrdw/c101407/201810/743022da683c49ea891bede257148c1f.shtml
关于公示北京市2018年第二批拟认定高新技术企业名单的通知,http://www.innocom.gov.cn/gqrdw/c101407/201809/75fdfeb8b8544f8882ebfda4bf7d009f.shtml
关于公示北京市2018年第一批拟认定高新技术企业名单的通知,http://www.innocom.gov.cn/gqrdw/c101407/201807/60a362b7b3fb4948a530e82f7e8a5285.shtml
关于公示天津市2020年第二批拟认定高新技术企业名单的通知,http://www.innocom.gov.cn/gqrdw/c101408/202012/9e3aadb87ed943dea4e40f1ae8f8d979.shtml
关于公示天津市2020年第一批拟认定高新技术企业名单的通知,http://www.innocom.gov.cn/gqrdw/c101408/202010/6027de17b626429e98e162782d9eb655.shtml
关于公示天津市2019年第二批拟认定高新技术企业名单的通知,http://www.innocom.gov.cn/gqrdw/c101408/201911/0ef9de710c7f4491a71848f504438f7b.shtml
关于公示天津市2019年第一批拟认定高新技术企业名单的通知,http://www.innocom.gov.cn/gqrdw/c101408/201910/8fc43c82e378434a889e7d7cb659c19e.shtml
关于公示天津市2018年第二批拟认定高新技术企业名单的通知,http://www.innocom.gov.cn/gqrdw/c101408/201811/75b5de322b6a4cb880017f9b081c8e68.shtml
关于公示天津市2018年第一批拟认定高新技术企业名单的通知,http://www.innocom.gov.cn/gqrdw/c101408/201811/393957735a3e4a46922b9076f70c7da9.shtml
关于公示河北省2020年第三批拟认定高新技术企业名单的通知,http://www.innocom.gov.cn/gqrdw/c101409/202012/32cb33964a264d7192d373ce1d427710.shtml
关于公示河北省2020年第二批拟认定高新技术企业名单的通知,http://www.innocom.gov.cn/gqrdw/c101409/202011/6f270ade8de3461485b3ebb68b0fd05f.shtml
关于公布河北省2020年第二批更名高新技术企业的通知,http://www.innocom.gov.cn/gqrdw/c101409/202010/579825da5c7a402dbb08eda2b7fed208.shtml
关于公示河北省2020年第一批拟认定高新技术企业名单的通知,http://www.innocom.gov.cn/gqrdw/c101409/202010/a0a1b5594eed4ea8a33268f8937293b6.shtml
关于公布河北省2020年第一批更名高新技术企业的通知,http://www.innocom.gov.cn/gqrdw/c101409/202007/61f211e78b974781b38999f7394dd7da.shtml
关于公示河北省2019年第四批拟认定高新技术企业名单的通知,http://www.innocom.gov.cn/gqrdw/c101409/201912/f701590837704ba88c5fa6a6e2385a09.shtml
关于公示河北省2019年第三批拟认定高新技术企业名单的通知,http://www.innocom.gov.cn/gqrdw/c101409/201912/c4b1d3f2bfb24c17bd99a4218aba7797.shtml
关于公示河北省2019年第二批拟认定高新技术企业名单的通知,http://www.innocom.gov.cn/gqrdw/c101409/201910/3f77a773ce354037b1e7683fab7ce478.shtml
关于公示河北省2019年第一批拟认定高新技术企业名单的通知,http://www.innocom.gov.cn/gqrdw/c101409/201909/eef51495f82146cf96fb28f2ae857c5e.shtml
关于公示河北省2018年第三批拟认定高新技术企业名单的通知,http://www.innocom.gov.cn/gqrdw/c101409/201811/6d0f21169a6a4b4cbdfa3fbe4e2b257b.shtml
关于公示河北省2018年第二批拟认定高新技术企业名单的通知,http://www.innocom.gov.cn/gqrdw/c101409/201811/d3a0c93204aa4b7cbe19cbc579bab0ce.shtml
关于公示河北省2018年第一批拟认定高新技术企业名单的通知,http://www.innocom.gov.cn/gqrdw/c101409/201809/bb0555f6e0b74874b7cb82aafd8e5379.shtml
关于公示山西省2020年第二、三批拟认定高新技术企业名单的通知,http://www.innocom.gov.cn/gqrdw/c101410/202012/c58fa3892c584f02b17370d838d40d1f.shtml
关于公示山西省2020年第一批拟认定高新技术企业名单的通知,http://www.innocom.gov.cn/gqrdw/c101410/202008/c8409b14313945bebd104d1c69f4c25e.shtml
关于公示山西省2019年第三批拟认定高新技术企业名单的通知,http://www.innocom.gov.cn/gqrdw/c101410/201911/a7648d68ccf444ba80aaf7c9f519023d.shtml
关于公示山西省2019年第二批拟认定高新技术企业名单的通知,http://www.innocom.gov.cn/gqrdw/c101410/201911/66a76fea036c49d6ad4c56dac2ed09ea.shtml
关于公示山西省2019年第一批拟认定高新技术企业名单的通知,http://www.innocom.gov.cn/gqrdw/c101410/201909/46cf9437b6c34e3a9f19bdd02530bc17.shtml
关于公示山西省2018年第二批拟认定高新技术企业名单的通知,http://www.innocom.gov.cn/gqrdw/c101410/201811/d98188536bb448c8a74504257bb71096.shtml
关于公示山西省2018年第一批拟认定高新技术企业名单的通知,http://www.innocom.gov.cn/gqrdw/c101410/201811/840e3844ba314b598c1b7d6657b323b0.shtml
关于公示内蒙古自治区2020年第三批拟认定高新技术企业名单的通知,http://www.innocom.gov.cn/gqrdw/c101411/202012/6e6fdc756c9347ba8b0d50e6edd0831b.shtml
关于公示内蒙古自治区2020年第二批拟认定高新技术企业名单的通知,http://www.innocom.gov.cn/gqrdw/c101411/202011/dc8d8dad317a45549aa09ff4f53b8c4d.shtml
关于公示内蒙古自治区2020年第一批拟认定高新技术企业名单的通知,http://www.innocom.gov.cn/gqrdw/c101411/202009/dfc83f8d65d840c09c50dfe6c2e497a4.shtml
关于公布内蒙古自治区2020年第三批高新区技术企业更名的通知,http://www.innocom.gov.cn/gqrdw/c101411/202008/42912517ab67474cba4d0de3fb13e9df.shtml
关于公布内蒙古自治区2020年第二批高新区技术企业更名的通知,http://www.innocom.gov.cn/gqrdw/c101411/202008/16b85035c5614461ab5be09d7e6296dc.shtml
关于公布内蒙古自治区2020年第一批高新技术企业更名的通知,http://www.innocom.gov.cn/gqrdw/c101411/202008/e07dfd9548a04c2aad27e922a39467d5.shtml
关于公示内蒙古自治区2019年第三批拟认定高新技术企业名单的通知,http://www.innocom.gov.cn/gqrdw/c101411/201912/274d51cb94614b1daf9e587ab8b34822.shtml
关于公示内蒙古自治区2019年第二批拟认定高新技术企业名单的通知,http://www.innocom.gov.cn/gqrdw/c101411/201912/06541566b86a47e5935dfa2ad2c1673e.shtml
关于公示内蒙古自治区2019年第一批拟认定高新技术企业名单的通知,http://www.innocom.gov.cn/gqrdw/c101411/201911/51e720f496744d18871bed2af51b1570.shtml
关于公示内蒙古自治区2018年第三批拟认定高新技术企业名单的通知,http://www.innocom.gov.cn/gqrdw/c101411/201812/bf71215fbb3c4ababd95d80730105b08.shtml
关于公示内蒙古自治区2018年第二批拟认定高新技术企业名单的通知,http://www.innocom.gov.cn/gqrdw/c101411/201812/a12c721391554cd5ae8874b5450ce2f3.shtml
关于公示内蒙古自治区2018年第一批拟认定高新技术企业名单的通知,http://www.innocom.gov.cn/gqrdw/c101411/201810/7b1463c9f132468395985c0e5c59a46a.shtml
关于公示辽宁省2020年第三批拟认定高新技术企业名单的通知,http://www.innocom.gov.cn/gqrdw/c101412/202012/0df22b83bbda41bb8ab87617e7bb71d8.shtml
关于公示辽宁省2020年第二批拟认定高新技术企业名单的通知,http://www.innocom.gov.cn/gqrdw/c101412/202011/74e6e544141244c6bc36eebfee89fa2d.shtml
关于公示辽宁省2020年第一批拟认定高新技术企业名单的通知,http://www.innocom.gov.cn/gqrdw/c101412/202009/824612064ce445aa909b76793194e451.shtml
关于公示辽宁省2019年第三批拟认定高新技术企业名单的通知,http://www.innocom.gov.cn/gqrdw/c101412/201912/58e74ee32fae43f7a55b2dc82fff14e2.shtml
关于公示辽宁省2019年第二批拟认定高新技术企业名单的通知,http://www.innocom.gov.cn/gqrdw/c101412/201910/ba63290e7e4a48ed8d7cd129c58c3322.shtml
关于公示辽宁省2019年第一批拟认定高新技术企业名单的通知,http://www.innocom.gov.cn/gqrdw/c101412/201910/2a766015e66342488027cf8f3c6839a9.shtml
关于公示辽宁省2018年第三批拟认定高新技术企业名单的通知,http://www.innocom.gov.cn/gqrdw/c101412/201811/7245d812f376437199ff2771055512ca.shtml
关于公示辽宁省2018年第二批拟认定高新技术企业名单的通知,http://www.innocom.gov.cn/gqrdw/c101412/201810/31265a5815be4a8f979f649dec742e51.shtml
关于公示辽宁省2018年第一批拟认定高新技术企业名单的通知,http://www.innocom.gov.cn/gqrdw/c101412/201807/f4f63382d47d4a549b9c03d666c2e082.shtml
关于公示大连市2020年第三批拟认定高新技术企业名单的通知,http://www.innocom.gov.cn/gqrdw/c101413/202012/50a4fe2e5b83499ca7ba5b2568abe468.shtml
关于公示大连市2020年第二批拟认定高新技术企业名单的通知,http://www.innocom.gov.cn/gqrdw/c101413/202012/a03590c1517d4d4a845af750cdeb1940.shtml
关于公示大连市2020年第一批拟认定高新技术企业名单的通知,http://www.innocom.gov.cn/gqrdw/c101413/202010/63b2bf6370a846f1a24827a34a785063.shtml
关于发布2019年大连市第四批高新技术企业更名名单的通知,http://www.innocom.gov.cn/gqrdw/c101413/201912/da1af10c158e4a988b12f0742b621e04.shtml
关于发布2019年大连市第三批高新技术企业更名名单的通知,http://www.innocom.gov.cn/gqrdw/c101413/201912/2fbb3f108d574b67a1c842859fbde970.shtml
关于发布2019年大连市第一二批高新技术企业更名名单的通知,http://www.innocom.gov.cn/gqrdw/c101413/201912/5709faf2236d450aa00bf6b0f3f73e4f.shtml
关于公示大连市2019年第二批拟认定高新技术企业名单的通知,http://www.innocom.gov.cn/gqrdw/c101413/201912/8ac9fb25dd4342919f11eca3f4a38edf.shtml
关于公示大连市2019年第一批拟认定高新技术企业名单的通知,http://www.innocom.gov.cn/gqrdw/c101413/201909/ea086312dbc3409b97bc948120ec1ccc.shtml
关于发布2018年大连市第四批高新技术企业更名名单的通知,http://www.innocom.gov.cn/gqrdw/c101413/201811/dd1bf22e413f41d894575ba0af780f6a.shtml
关于公示大连市2018年第二批拟认定高新技术企业名单的通知,http://www.innocom.gov.cn/gqrdw/c101413/201811/6bff4cd247654cf893c70f839a632c45.shtml
关于发布2018年大连市第三批高新技术企业更名名单的通知,http://www.innocom.gov.cn/gqrdw/c101413/201809/befb38c7063e407daa3ddb9e188f224e.shtml
关于发布2018年大连市第二批高新技术企业更名名单的通知,http://www.innocom.gov.cn/gqrdw/c101413/201809/2d0f67fd46764be8b9ce935fa8295277.shtml
关于发布2018年大连市第一批高新技术企业更名名单的通知,http://www.innocom.gov.cn/gqrdw/c101413/201809/835034b11b324edba0185166c16c81e9.shtml
关于公示大连市2018年第一批拟认定高新技术企业名单的通知,http://www.innocom.gov.cn/gqrdw/c101413/201808/641c5f723fa1400d8fa0122132c363bc.shtml
关于公示吉林省2020年第二批拟认定高新技术企业名单的通知,http://www.innocom.gov.cn/gqrdw/c101414/202011/948183cb9d7c48d58f151a458cb3fde2.shtml
关于公示吉林省2020年第一批拟认定高新技术企业名单的通知,http://www.innocom.gov.cn/gqrdw/c101414/202009/23d33af546ab4b96a9de40693c4ef10a.shtml
关于公示吉林省2019年第二批拟认定高新技术企业名单的通知,http://www.innocom.gov.cn/gqrdw/c101414/201911/11d8afbe410d414ebf17bb87f31e6642.shtml
关于公示吉林省2019年第一批拟认定高新技术企业名单的通知,http://www.innocom.gov.cn/gqrdw/c101414/201909/a85e1e0549e742dda6df159cce8c7c42.shtml
关于公示吉林省2018年第二批拟认定高新技术企业名单的通知,http://www.innocom.gov.cn/gqrdw/c101414/201811/1d04e746f4f34c278facc15ccd755b24.shtml
关于公示吉林省2018年第一批拟认定高新技术企业名单的通知,http://www.innocom.gov.cn/gqrdw/c101414/201809/1e08949eced242d590ae61a190b5b1a4.shtml
关于公示黑龙江省2020年第三批拟认定高新技术企业名单的通知,http://www.innocom.gov.cn/gqrdw/c101415/202011/d610719cd4f8430e943fa1735adebee2.shtml
关于公示黑龙江省2020年第二批拟认定高新技术企业名单的通知,http://www.innocom.gov.cn/gqrdw/c101415/202010/ef0eb52c44d843ad9c61f5e737e59160.shtml
关于公示黑龙江省2020年第一批拟认定高新技术企业名单的通知,http://www.innocom.gov.cn/gqrdw/c101415/202008/5ff33d89bbc34e61b895c6000bda10c2.shtml
关于公示黑龙江省2019年第二批拟认定高新技术企业名单的通知,http://www.innocom.gov.cn/gqrdw/c101415/201912/c42e6245fa41489e8dc9c9a81eecce00.shtml
关于公示黑龙江省2019年第一批拟认定高新技术企业名单的通知,http://www.innocom.gov.cn/gqrdw/c101415/201910/3a6d164152c944d3bb69018c4b36d496.shtml
关于公示黑龙江省2018年第二批拟认定高新技术企业名单的通知,http://www.innocom.gov.cn/gqrdw/c101415/201811/6d9b7e3f79194d6e9ada440924df0a9f.shtml
关于公示黑龙江省2018年第一批拟认定高新技术企业名单的通知,http://www.innocom.gov.cn/gqrdw/c101415/201811/fb2906476b9b48b194d844c1d6b01454.shtml
关于公示上海市2020年第四批拟认定高新技术企业名单的通知,http://www.innocom.gov.cn/gqrdw/c101416/202012/28be6fbf32d7423ea2420bcca5dfde94.shtml
关于公示上海市2020年第三批拟认定高新技术企业名单的通知 ,http://www.innocom.gov.cn/gqrdw/c101416/202011/a06fee63557e44e1b653aab4974b58bd.shtml
关于公示上海市2020年第二批拟认定高新技术企业名单的通知 ,http://www.innocom.gov.cn/gqrdw/c101416/202011/808ca717a3f344b8835e4dee14161b95.shtml
关于公示上海市2020年第一批拟认定高新技术企业名单的通知 ,http://www.innocom.gov.cn/gqrdw/c101416/202011/c94ad98e88b645f39a24ad9f54f29943.shtml
关于公示上海市2019年第三批拟认定高新技术企业名单的通知,http://www.innocom.gov.cn/gqrdw/c101416/201912/6b72a9a79f0542caba3f51fd2e32f29c.shtml
关于公示上海市2019年第二批拟认定高新技术企业名单的通知,http://www.innocom.gov.cn/gqrdw/c101416/201911/342801f57466422abfe31c1f6e7aa1eb.shtml
关于公示上海市2019年第一批拟认定高新技术企业名单的通知,http://www.innocom.gov.cn/gqrdw/c101416/201910/667b3f1e1dea485892d89f7f402772d4.shtml
关于公示上海市2018年第三批拟认定高新技术企业名单的通知,http://www.innocom.gov.cn/gqrdw/c101416/201811/c6522c9352c74375b9dc05d51654a741.shtml
关于公示上海市2018年第二批拟认定高新技术企业名单的通知,http://www.innocom.gov.cn/gqrdw/c101416/201811/9c386b6a5303431d83971d8f3b0b11ca.shtml
关于公示上海市2018年第一批拟认定高新技术企业名单的通知,http://www.innocom.gov.cn/gqrdw/c101416/201811/ea74487b1fc546268f7a84734d0684b9.shtml
关于公示江苏省2020年第三批拟认定高新技术企业名单的通知,http://www.innocom.gov.cn/gqrdw/c101417/202012/e94a13dc04a341b59a98d14e01cfc3e5.shtml
关于公示江苏省2020年第二批拟认定高新技术企业名单的通知,http://www.innocom.gov.cn/gqrdw/c101417/202012/d989072bf31b498f94cb4c132cd2e2aa.shtml
关于公示江苏省2020年第一批拟认定高新技术企业名单的通知,http://www.innocom.gov.cn/gqrdw/c101417/202012/38f55ac6c21549489579af4ad7631bdf.shtml
关于同意南京法宁格节能科技有限公司等2019年第四批高新技术企业更名的通知,http://www.innocom.gov.cn/gqrdw/c101417/202006/a8d5ad4bfd2f46ef9bca3bf038d46ead.shtml
关于同意江苏麟派电力科技股份有限公司等2019年第三批高新技术企业更名的通...,http://www.innocom.gov.cn/gqrdw/c101417/202004/309ed7c807914b1b8db45a52c52f1dbf.shtml
关于同意南京白敬宇制药有限责任公司等2019年第二批高新技术企业更名的通知,http://www.innocom.gov.cn/gqrdw/c101417/201912/847a7f0479934b66a1f6bc3450bdba14.shtml
关于公示江苏省2019年第四批拟认定高新技术企业名单的通知,http://www.innocom.gov.cn/gqrdw/c101417/201912/1e66b6604a624c699aa0feaa07766ccf.shtml
关于公示江苏省2019年第三批拟认定高新技术企业名单的通知,http://www.innocom.gov.cn/gqrdw/c101417/201912/2896c68dbf8d45bfbfe548014ddb9e43.shtml
关于公示江苏省2019年第二批拟认定高新技术企业名单的通知,http://www.innocom.gov.cn/gqrdw/c101417/201911/68828a0ec84b4d5eb482f3c6a3d9ea28.shtml
关于公示江苏省2019年第一批拟认定高新技术企业名单的通知,http://www.innocom.gov.cn/gqrdw/c101417/201911/68d74ec990f7489580fb896267f11a51.shtml
关于同意能拓电力股份有限公司等2019年第一批高新技术企业更名的通知,http://www.innocom.gov.cn/gqrdw/c101417/201907/a9677035597f44e185ca47e0983bc586.shtml
关于同意南京仓颉信息科技有限公司等2018年第四批高新技术企业更名的通知,http://www.innocom.gov.cn/gqrdw/c101417/201907/90475830f4064041be3b8fe32b0ca4a5.shtml
关于同意南京西百客汽车空调有限公司等2018年第二批高新技术企业更名的通知,http://www.innocom.gov.cn/gqrdw/c101417/201901/86f4b119e8b242b58d73ee7c733079c1.shtml
关于公示江苏省2018年第四批拟认定高新技术企业名单的通知,http://www.innocom.gov.cn/gqrdw/c101417/201812/e5c01efb05604f8ea1da4eaf6396882a.shtml
关于公示江苏省2018年第三批拟认定高新技术企业名单的通知,http://www.innocom.gov.cn/gqrdw/c101417/201811/96e72806ee784edca33277f3393a2d15.shtml
关于公示江苏省2018年第二批拟认定高新技术企业名单的通知,http://www.innocom.gov.cn/gqrdw/c101417/201811/a890e9e35ff847429468b8fe88f03f39.shtml
关于公示江苏省2018年第一批拟认定高新技术企业名单的通知,http://www.innocom.gov.cn/gqrdw/c101417/201810/e0569d91f61a4d798d6ad9c7bb9218f3.shtml
关于公示浙江省2020年第一批拟认定高新技术企业名单的通知,http://www.innocom.gov.cn/gqrdw/c101418/202012/978a83a02ed9428b8d852849c6006dfe.shtml
关于公示浙江省2019年拟认定高新技术企业名单的通知,http://www.innocom.gov.cn/gqrdw/c101418/201912/363fd86f82b1452d8af2ca522bb71ad9.shtml
关于公示浙江省2018年拟认定高新技术企业名单的通知,http://www.innocom.gov.cn/gqrdw/c101418/201811/a7f128e2edf5402abbd731ec8962ff1b.shtml
关于公示宁波市2020年第一批拟认定高新技术企业名单的通知,http://www.innocom.gov.cn/gqrdw/c101419/202011/cfcf031f9e554f1c9e67fe54f7c03e2b.shtml
关于公示宁波市2019年第一批拟认定高新技术企业名单的通知,http://www.innocom.gov.cn/gqrdw/c101419/201911/53e3117102b04bd4b63b1a92acec188c.shtml
关于公示宁波市2018年第一批拟认定高新技术企业名单的通知,http://www.innocom.gov.cn/gqrdw/c101419/201911/76730e08691048df927c387a768e192a.shtml
关于公示安徽省2020年第二批拟认定高新技术企业名单的通知,http://www.innocom.gov.cn/gqrdw/c101420/202010/d1f0f00d07504428b9995347935efd38.shtml
关于公布安徽省2020年第二批更名高新技术企业名单的通知,http://www.innocom.gov.cn/gqrdw/c101420/202010/0741f604821444939a60201cc1efce1f.shtml
关于公示安徽省2020年第一批拟认定高新技术企业名单的通知,http://www.innocom.gov.cn/gqrdw/c101420/202008/368495beae8642b0a6804b4ffa9bccd1.shtml
关于公布安徽省2020年第一批更名高新技术企业名单的通知,http://www.innocom.gov.cn/gqrdw/c101420/202005/2a8d0abd4681448fa7dd68cc150f92a3.shtml
关于公示安徽省2019年第二批拟认定高新技术企业名单的通知,http://www.innocom.gov.cn/gqrdw/c101420/201911/4602b01215e747a48725d4536f102dc4.shtml
关于公示安徽省2019年第一批拟认定高新技术企业名单的通知,http://www.innocom.gov.cn/gqrdw/c101420/201909/93b6c41201e0435ea36862133056bb08.shtml
关于公示安徽省2018年第二批拟认定高新技术企业名单的通知,http://www.innocom.gov.cn/gqrdw/c101420/201810/458c95a1ba4147989b19b6a60d3f1ee2.shtml
关于公示安徽省2018年第一批拟认定高新技术企业名单的通知,http://www.innocom.gov.cn/gqrdw/c101420/201807/a03560a9094742ca899847a2e9515847.shtml
关于公示福建省2020年第二批拟认定高新技术企业名单的通知,http://www.innocom.gov.cn/gqrdw/c101421/202012/86dd8af4f13f4399a4110d1bc3217266.shtml
关于公示福建省2020年第一批拟认定高新技术企业名单的通知,http://www.innocom.gov.cn/gqrdw/c101421/202012/9331158a2de747abb79cb39c6ca127bf.shtml
关于公示福建省2019年第二批拟认定高新技术企业名单的通知,http://www.innocom.gov.cn/gqrdw/c101421/201912/cc2a743db61a4d6a88f9339e7a3adcfc.shtml
关于公示福建省2019年第一批拟认定高新技术企业名单的通知,http://www.innocom.gov.cn/gqrdw/c101421/201912/f895f759c2fc45b9b4ad332bc26d8107.shtml
关于公示福建省2018年第二批拟认定高新技术企业名单的通知,http://www.innocom.gov.cn/gqrdw/c101421/201811/d43a7a4a5b594650921d19ab5cdfabcc.shtml
关于公示福建省2018年第一批拟认定高新技术企业名单的通知,http://www.innocom.gov.cn/gqrdw/c101421/201811/e82ec45e343a42aea4c68a8a5b104363.shtml
关于公示厦门市2020年第二批拟认定高新技术企业名单的通知,http://www.innocom.gov.cn/gqrdw/c101422/202012/7cbe502bd53d466daf07d6a5c49b5a0d.shtml
关于厦门市2020年第五批高新技术企业更名的通知,http://www.innocom.gov.cn/gqrdw/c101422/202010/d9f569a4931c410f9f7a71308e97304e.shtml
关于厦门市2020年第四批高新技术企业更名的通知,http://www.innocom.gov.cn/gqrdw/c101422/202010/b05feb6ca9cc4cccb8470a811a6dc783.shtml
关于公示厦门市2020年第一批拟认定高新技术企业名单的通知,http://www.innocom.gov.cn/gqrdw/c101422/202010/8fc4949d5a084104bab1464a7540d87c.shtml
关于厦门市2020年第三批高新技术企业更名的通知,http://www.innocom.gov.cn/gqrdw/c101422/202007/63b7f0e544c8414e827957b3e177b116.shtml
关于厦门市2020年第二批高新技术企业更名的通知,http://www.innocom.gov.cn/gqrdw/c101422/202007/fe7bb96b6a2548dd9ebb4275e4677593.shtml
关于厦门市2020年第一批高新技术企业更名的通知,http://www.innocom.gov.cn/gqrdw/c101422/202007/1f54d199670949c989a0acfc869aaffe.shtml
关于厦门市2019年第三批高新技术企业更名的通知,http://www.innocom.gov.cn/gqrdw/c101422/201912/601089aa26bf41b89e1d4ae69160aa0a.shtml
关于厦门市2019年第二批高新技术企业更名的通知,http://www.innocom.gov.cn/gqrdw/c101422/201912/48ce0c26eda144738d3b511902807295.shtml
关于公示厦门市2019年第二批拟认定高新技术企业名单的通知,http://www.innocom.gov.cn/gqrdw/c101422/201912/69815cab249f47d9bc8e9eb733d686a9.shtml
关于公示厦门市2019年第一批拟认定高新技术企业名单的通知,http://www.innocom.gov.cn/gqrdw/c101422/201911/5e001ae1989e4e46a9e94f1ee14ac731.shtml
关于厦门市2019年第一批高企更名的通知,http://www.innocom.gov.cn/gqrdw/c101422/201907/746e8276d00a41dda0a0cff60255b7e6.shtml
关于公示厦门市2018年第二批拟认定高新技术企业名单的通知,http://www.innocom.gov.cn/gqrdw/c101422/201812/7dfde0c0c9e349b5947e2d441134c983.shtml
关于公示厦门市2018年第一批拟认定高新技术企业名单的通知,http://www.innocom.gov.cn/gqrdw/c101422/201810/d2be5ff4890c48b09b3612e433210951.shtml
关于公示江西省2020年第二批拟认定高新技术企业名单的通知,http://www.innocom.gov.cn/gqrdw/c101423/202012/56f1a0a8592c4dafa242672be3e6a328.shtml
关于公示江西省2020年第一批拟认定高新技术企业名单的通知,http://www.innocom.gov.cn/gqrdw/c101423/202009/7b570d22541d435aa0962e620d12e00c.shtml
关于公示江西省2019年第二批拟认定高新技术企业名单的通知,http://www.innocom.gov.cn/gqrdw/c101423/202009/7be6c0c51de449818aff639f429e2af6.shtml
关于公示江西省2019年第一批拟认定高新技术企业名单的通知,http://www.innocom.gov.cn/gqrdw/c101423/202009/c9f0676d01ae4e0d850d1c91d36953e4.shtml
关于公示江西省2018年第二批拟认定高新技术企业名单的通知,http://www.innocom.gov.cn/gqrdw/c101423/202009/4248584e8c114126a9043979584939aa.shtml
关于公示江西省2018年第一批拟认定高新技术企业名单的通知,http://www.innocom.gov.cn/gqrdw/c101423/202009/1f17b210668244b99ca3a36a4e802798.shtml
关于公布江西省2018年第一批通过更名的高新技术企业名单的通知,http://www.innocom.gov.cn/gqrdw/c101423/201807/2c209e5b64a1458c926444115cedef30.shtml
关于公示山东省2020年第二批拟认定高新技术企业名单的通知,http://www.innocom.gov.cn/gqrdw/c101424/202012/60bb8d83f5cd4b0eae718c1d42e16d6d.shtml
关于公示山东省2020年第一批拟认定高新技术企业名单的通知,http://www.innocom.gov.cn/gqrdw/c101424/202008/54800b68f8d04f38b1e7c77f55f9eca9.shtml
关于公示山东省2019年第二批拟认定高新技术企业名单的通知,http://www.innocom.gov.cn/gqrdw/c101424/201912/cd8d22bec92a4cc29924cdcd6c2273ee.shtml
关于公示山东省2019年第一批拟认定高新技术企业名单的通知,http://www.innocom.gov.cn/gqrdw/c101424/201911/dada435d8eb14a3bb4aa64018926d650.shtml
关于公示山东省2018年第二批拟认定高新技术企业名单的通知,http://www.innocom.gov.cn/gqrdw/c101424/201811/da9c8546ffe54deca00c9535d01fa711.shtml
关于公示山东省2018年第一批拟认定高新技术企业名单的通知,http://www.innocom.gov.cn/gqrdw/c101424/201808/059acf240647446b973ad8433ffd1533.shtml
关于公示青岛市2020年第一批拟认定高新技术企业名单的通知,http://www.innocom.gov.cn/gqrdw/c101425/202012/8d66fe5280744952ad81c019ebb3c722.shtml
关于公示青岛市2019年第二批拟认定高新技术企业名单的通知,http://www.innocom.gov.cn/gqrdw/c101425/201911/b22d48b4cdf84f269e64bc48a4d6c9e1.shtml
关于公示青岛市2019年第一批拟认定高新技术企业名单的通知,http://www.innocom.gov.cn/gqrdw/c101425/201911/9340c852559a46dc8d211b71669fe948.shtml
关于公示青岛市2018年第二批拟认定高新技术企业名单的通知,http://www.innocom.gov.cn/gqrdw/c101425/201811/8c6040ef4f854bc3b30349ab7003cf64.shtml
关于公示青岛市2018年第一批拟认定高新技术企业名单的通知,http://www.innocom.gov.cn/gqrdw/c101425/201811/5b598dc1670a47c3801635e62f9fae21.shtml
关于公示河南省2020年第三批拟认定高新技术企业名单的通知,http://www.innocom.gov.cn/gqrdw/c101426/202012/517302a69d8449299ba960398f451659.shtml
关于公示河南省2020年第二批拟认定高新技术企业名单的通知,http://www.innocom.gov.cn/gqrdw/c101426/202012/3ef040dd6d71403c935b7e034f8e86f5.shtml
关于公示河南省2020年第一批拟认定高新技术企业名单的通知,http://www.innocom.gov.cn/gqrdw/c101426/202009/88708392539548cba715bda412993b8f.shtml
关于公示河南省2019年第三批拟认定高新技术企业名单的通知,http://www.innocom.gov.cn/gqrdw/c101426/201912/0d7a1a5b586044758b17953ad8e8eaf4.shtml
关于公示河南省2019年第二批拟认定高新技术企业名单的通知,http://www.innocom.gov.cn/gqrdw/c101426/201912/e601e25e9d3a4be1b33c0db3e1635730.shtml
关于公示河南省2019年第一批拟认定高新技术企业名单的通知,http://www.innocom.gov.cn/gqrdw/c101426/201910/ff0bcea61bd449dfa467f2d1e63a3260.shtml
关于公示河南省2018年第三批拟认定高新技术企业名单的通知,http://www.innocom.gov.cn/gqrdw/c101426/201812/9a64f686ae3a40f1b5383cc554ab9179.shtml
关于公示河南省2018年第二批拟认定高新技术企业名单的通知,http://www.innocom.gov.cn/gqrdw/c101426/201811/9c182966d53a4dabb7ae2d1c6d218926.shtml
关于公示河南省2018年第一批拟认定高新技术企业名单的通知,http://www.innocom.gov.cn/gqrdw/c101426/201809/18cb6efa451148d391598d96092e5852.shtml
关于公示湖北省2020年第三批拟认定高新技术企业名单的通知,http://www.innocom.gov.cn/gqrdw/c101427/202012/de8c03be4e9c4e37b95a67639e414bdb.shtml
关于公示湖北省2020年第二批拟认定高新技术企业名单的通知,http://www.innocom.gov.cn/gqrdw/c101427/202012/9f67c5e905e4459fb4c60121bc7699a3.shtml
关于公示湖北省2020年第一批拟认定高新技术企业名单的通知,http://www.innocom.gov.cn/gqrdw/c101427/202012/2748478ef4ad49e2ac87a19346acb6ab.shtml
关于公布湖北省2020年第一批更名高新技术企业名单的通知,http://www.innocom.gov.cn/gqrdw/c101427/202010/b71e5227c5fa4db3971d478b862385fc.shtml
关于公布湖北省2019年第一批更名高新技术企业名单的通知,http://www.innocom.gov.cn/gqrdw/c101427/202005/786397c720064876b79325312ee45b5b.shtml
关于公示湖北省2019年第二批拟认定高新技术企业名单的通知,http://www.innocom.gov.cn/gqrdw/c101427/201911/009a5973869f49f5bbddc37fc44059e0.shtml
关于公示湖北省2019年第一批拟认定高新技术企业名单的通知,http://www.innocom.gov.cn/gqrdw/c101427/201911/18a3aacd6f8c44058b00bdc4220c83fc.shtml
关于公示湖北省2018年第二批拟认定高新技术企业名单的通知,http://www.innocom.gov.cn/gqrdw/c101427/201811/11247a3960a64b4488df057fd1640822.shtml
关于公示湖北省2018年第一批拟认定高新技术企业名单的通知,http://www.innocom.gov.cn/gqrdw/c101427/201811/fd3221b038af42588bab28576e70b117.shtml
关于公示湖南省2020年第二批拟认定高新技术企业名单的通知,http://www.innocom.gov.cn/gqrdw/c101428/202012/5973693acfe74637817ce14bd73abda6.shtml
关于公示湖南省2020年第一批拟认定高新技术企业名单的通知,http://www.innocom.gov.cn/gqrdw/c101428/202009/4094db1ee23d4ba38e004f691dc9f1ac.shtml
关于公示湖南省2019年第三批拟认定高新技术企业名单的通知,http://www.innocom.gov.cn/gqrdw/c101428/201912/2fa179b577284abfa9dfc6fd8ca3c554.shtml
关于公示湖南省2019年第二批拟认定高新技术企业名单的通知,http://www.innocom.gov.cn/gqrdw/c101428/201909/2eef7bf707c84b58ad1dda7c3421f3f0.shtml
关于公示湖南省2019年第一批拟认定高新技术企业名单的通知,http://www.innocom.gov.cn/gqrdw/c101428/201909/b75dbb161a7142a2aac4f6b3130ec2e3.shtml
关于公示湖南省2018年第二批拟认定高新技术企业名单的通知,http://www.innocom.gov.cn/gqrdw/c101428/201812/bb2e3c5986e94e09ab02d8acee90490a.shtml
关于公示湖南省2018年第一批拟认定高新技术企业名单的通知,http://www.innocom.gov.cn/gqrdw/c101428/201810/1284a233dbee4d3bab96bdefaa2e1273.shtml
关于公示广东省2020年第三批拟认定高新技术企业名单的通知,http://www.innocom.gov.cn/gqrdw/c101429/202012/675c63f884b34805bb6de977e5775a55.shtml
关于公示广东省2020年第二批拟认定高新技术企业名单的通知,http://www.innocom.gov.cn/gqrdw/c101429/202012/56429a3cc6864b048c0ca9c8b8ab1612.shtml
关于公示广东省2020年第一批拟认定高新技术企业名单的通知,http://www.innocom.gov.cn/gqrdw/c101429/202012/4e0e17a5e1544470909929b091111294.shtml
关于公示广东省2019年第三批拟认定高新技术企业名单的通知,http://www.innocom.gov.cn/gqrdw/c101429/201912/8c3f3a84e34847c7b613a5573211f9e7.shtml
关于公示广东省2019年第二批拟认定高新技术企业名单的通知,http://www.innocom.gov.cn/gqrdw/c101429/201912/066550f04ba84fea864ab94db1d11e51.shtml
关于公示广东省2019年第一批拟认定高新技术企业名单的通知,http://www.innocom.gov.cn/gqrdw/c101429/201912/2555a5196cd14ed08d17676447b8f823.shtml
关于公示广东省2018年第二批拟认定高新技术企业名单的通知,http://www.innocom.gov.cn/gqrdw/c101429/201811/6d6eff945511430ebaf9bdad1498ed3f.shtml
关于公示广东省2018年第一批拟认定高新技术企业名单的通知,http://www.innocom.gov.cn/gqrdw/c101429/201811/70219f4e528b4a28b4d3b19db86e63f1.shtml
关于公示深圳市2020年第三批拟认定高新技术企业名单的通知,http://www.innocom.gov.cn/gqrdw/c101430/202012/16867fe91eb543e5b606428c57a8c905.shtml
关于公示深圳市2020年第二批拟认定高新技术企业名单的通知,http://www.innocom.gov.cn/gqrdw/c101430/202012/a31429e7f33b43d79922e7b100cebf68.shtml
关于公示深圳市2020年第一批拟认定高新技术企业名单的通知,http://www.innocom.gov.cn/gqrdw/c101430/202012/adf661b7d665425cb2cd8fae3b5982a8.shtml
关于公布深圳市2020年第二批高新技术企业名称变更的通知,http://www.innocom.gov.cn/gqrdw/c101430/202008/f30b4777ee3245069ea45d4fc9883fd5.shtml
关于公布深圳市2020年第一批高新技术企业名称变更的通知,http://www.innocom.gov.cn/gqrdw/c101430/202005/ae40bc39f386410291ec14f931b568d7.shtml
关于公示深圳市2019年第三批拟认定高新技术企业名单的通知,http://www.innocom.gov.cn/gqrdw/c101430/201912/49b3643cdc124c8ca995bfbed902f2e6.shtml
关于公示深圳市2019年第二批拟认定高新技术企业名单的通知,http://www.innocom.gov.cn/gqrdw/c101430/201912/71fecc0645b740ceaf95fbf553949ffc.shtml
关于公示深圳市2019年第一批拟认定高新技术企业名单的通知,http://www.innocom.gov.cn/gqrdw/c101430/201912/5343e055b6a2478785e32834e6e1f2b2.shtml
关于公布深圳市2019年第二、三批高新技术企业名称变更的通知,http://www.innocom.gov.cn/gqrdw/c101430/201909/2a6287b89ada40f79f7306bb32be6796.shtml
深圳市科技创新委员会关于公布深圳市2019年第一批高新技术企业名称变更的通...,http://www.innocom.gov.cn/gqrdw/c101430/201907/71deb1b6ca454ec88d784f346bac58e9.shtml
关于公示深圳市2018年第三批拟认定高新技术企业名单的通知,http://www.innocom.gov.cn/gqrdw/c101430/201812/d9bd3a3947164ee3983c5b49d5da320a.shtml
关于公示深圳市2018年第二批拟认定高新技术企业名单的通知,http://www.innocom.gov.cn/gqrdw/c101430/201811/7e84389383bc4f80af613203479e1d36.shtml
关于公示深圳市2018年第一批拟认定高新技术企业名单的通知,http://www.innocom.gov.cn/gqrdw/c101430/201810/c4e699f4628943118b4684f74be486cf.shtml
关于公布深圳市2018年第二批国家高新技术企业名称变更的通知,http://www.innocom.gov.cn/gqrdw/c101430/201808/a8d5926417bc431a8beab8691afcab17.shtml
关于公示广西壮族自治区2020年第三批拟认定高新技术企业名单的通知,http://www.innocom.gov.cn/gqrdw/c101431/202012/ac1b1df22e6b4ca3a10de225c6db523a.shtml
关于公示广西壮族自治区2020年第二批拟认定高新技术企业名单的通知,http://www.innocom.gov.cn/gqrdw/c101431/202010/8cb6c0fe62824029b78bd29c73bb52f8.shtml
关于公示广西壮族自治区2020年第一批拟认定高新技术企业名单的通知,http://www.innocom.gov.cn/gqrdw/c101431/202009/588d0a4a677049f9b4d6946caeb9a327.shtml
关于公示广西壮族自治区2019年第三批拟认定高新技术企业名单的通知,http://www.innocom.gov.cn/gqrdw/c101431/201911/f438b726d2e84dfea4bf0cf9d5c954b8.shtml
关于公示广西壮族自治区2019年第二批拟认定高新技术企业名单的通知,http://www.innocom.gov.cn/gqrdw/c101431/201911/3a0bbb00844548bbbd13fec683783b79.shtml
关于公示广西壮族自治区2019年第一批拟认定高新技术企业名单的通知,http://www.innocom.gov.cn/gqrdw/c101431/201908/66867ded979147f78ff3a8d308fe27c5.shtml
关于公示广西壮族自治区2018年第三批拟认定高新技术企业名单的通知,http://www.innocom.gov.cn/gqrdw/c101431/201811/1b5b5126a3124fdfaae514b980ebcafa.shtml
关于公示广西壮族自治区2018年第二批拟认定高新技术企业名单的通知,http://www.innocom.gov.cn/gqrdw/c101431/201810/fe3843ba0abb4110b67046c75cee9afa.shtml
关于公示广西壮族自治区2018年第一批拟认定高新技术企业名单的通知,http://www.innocom.gov.cn/gqrdw/c101431/201808/1703c9769a034971bd0b3e6cf2af2312.shtml
关于公示海南省2020年第三批拟认定高新技术企业名单的通知,http://www.innocom.gov.cn/gqrdw/c101432/202012/b6d8d8e8d8b848339663b43199091b43.shtml
关于公示海南省2020年第二批拟认定高新技术企业名单的通知,http://www.innocom.gov.cn/gqrdw/c101432/202011/ed6219fc36e44066b6de206d006140a2.shtml
关于公示海南省2020年第一批拟认定高新技术企业名单的通知,http://www.innocom.gov.cn/gqrdw/c101432/202010/ef8fda4471404d708469061e063277b1.shtml
关于公示海南省2019年第二批拟认定高新技术企业名单的通知,http://www.innocom.gov.cn/gqrdw/c101432/201911/f736bd3437694dc3bc657b1a95abfcd4.shtml
关于公示海南省2019年第一批拟认定高新技术企业名单的通知,http://www.innocom.gov.cn/gqrdw/c101432/201909/889440b72e6842c2a75dff7b4bb197c3.shtml
关于公示海南省2018年第二批拟认定高新技术企业名单的通知,http://www.innocom.gov.cn/gqrdw/c101432/201811/be966db8651e47f88c1267a492b33c32.shtml
关于公示海南省2018年第一批拟认定高新技术企业名单的通知,http://www.innocom.gov.cn/gqrdw/c101432/201810/d509e1ccca384c2b9e8d00dcee7ceca9.shtml
关于公示重庆市2020年第二批拟认定高新技术企业名单的通知,http://www.innocom.gov.cn/gqrdw/c101433/202011/d65117b5b0354f8c8f274506e08fffa9.shtml
关于公示重庆市2020年第一批拟认定高新技术企业名单的通知,http://www.innocom.gov.cn/gqrdw/c101433/202010/c2e1ff6bc1fc4451b9086685e13cf04b.shtml
关于公示重庆市2019年第一批拟认定高新技术企业名单的通知,http://www.innocom.gov.cn/gqrdw/c101433/201911/e1b25616be79488c8695b13c111cf09b.shtml
关于公示重庆市2018年第一批拟认定高新技术企业名单的通知,http://www.innocom.gov.cn/gqrdw/c101433/201811/3aee9ed25c644e86b7e860126d113257.shtml
关于公示四川省2020年第二批拟认定高新技术企业名单的通知,http://www.innocom.gov.cn/gqrdw/c101434/202012/fc3f5a4cb68845d7ac011d6d28473888.shtml
关于公示四川省2020年第一批拟认定高新技术企业名单的通知,http://www.innocom.gov.cn/gqrdw/c101434/202009/b953846289894dd5acaf9f796cc2c97b.shtml
关于公示四川省2019年第二批拟认定高新技术企业名单的通知,http://www.innocom.gov.cn/gqrdw/c101434/201911/b799a38e0c554b0f91fc57c078243809.shtml
关于公示四川省2019年第一批拟认定高新技术企业名单的通知,http://www.innocom.gov.cn/gqrdw/c101434/201910/896c11843b094d56beff44ab530515f6.shtml
关于公示四川省2018年第二批拟认定高新技术企业名单的通知,http://www.innocom.gov.cn/gqrdw/c101434/201812/d49372b1fc914d3090e970507608bf91.shtml
关于公示四川省2018年第一批拟认定高新技术企业名单的通知,http://www.innocom.gov.cn/gqrdw/c101434/201809/70bd2be0b8b34abd9f915aceabe8248f.shtml
关于公示贵州省2020年拟认定高新技术企业补充名单的通知,http://www.innocom.gov.cn/gqrdw/c101435/202012/573f003fa6a9454cb8a7d0a2ec213b3d.shtml
关于公示贵州省2020年拟认定高新技术企业名单的通知,http://www.innocom.gov.cn/gqrdw/c101435/202010/a59cd38df890492aacafed574d937683.shtml
关于公示贵州省2019年拟认定高新技术企业名单的通知,http://www.innocom.gov.cn/gqrdw/c101435/201909/fd2aa56373cf45378c4b41a122d5dea9.shtml
关于公示贵州省2018年第二批拟认定高新技术企业名单的通知,http://www.innocom.gov.cn/gqrdw/c101435/201811/451a7ee492c84c62bbe9c8ee4d25d2a0.shtml
关于公示贵州省2018年第一批拟认定高新技术企业名单的通知,http://www.innocom.gov.cn/gqrdw/c101435/201808/6d79afb237484fd291d8687a72f03b58.shtml
关于公示云南省2020年第一批拟认定高新技术企业名单的通知,http://www.innocom.gov.cn/gqrdw/c101436/202011/15d4d93575864f0e84268a7f45ef4091.shtml
关于公示云南省2019年第一批拟认定高新技术企业名单的通知,http://www.innocom.gov.cn/gqrdw/c101436/201911/2549f1520d15480197d5d2b58fe7b0ae.shtml
关于公示云南省2018年第一批拟认定高新技术企业名单的通知,http://www.innocom.gov.cn/gqrdw/c101436/201811/47784ec0bcaa4a88a1cc358b58841013.shtml
关于公示西藏自治区2020年第二批拟认定高新技术企业名单的通知,http://www.innocom.gov.cn/gqrdw/c101437/202012/de73e7a557784e9a8b070edd7ab53a29.shtml
关于公示西藏自治区2020年第一批拟认定高新技术企业名单的通知,http://www.innocom.gov.cn/gqrdw/c101437/202011/ca1df54ecc654531a1eb016f3aade560.shtml
关于公示西藏自治区2019年第二批拟认定高新技术企业名单的通知,http://www.innocom.gov.cn/gqrdw/c101437/201911/c6fb897bd59c48389170bfefee0d7a0d.shtml
关于公示西藏自治区2019年第一批拟认定高新技术企业名单的通知,http://www.innocom.gov.cn/gqrdw/c101437/201909/bd8f55a97057442bb5ad8c4d21e5f303.shtml
关于公示西藏自治区2018年第二批拟认定高新技术企业名单的通知,http://www.innocom.gov.cn/gqrdw/c101437/201811/ed3bd154b0f0458ea935345197571b8d.shtml
关于公示西藏自治区2018年第一批拟认定高新技术企业名单的通知,http://www.innocom.gov.cn/gqrdw/c101437/201809/7d5806b9014946ef8981d8d94b6e8f3d.shtml
关于公示陕西省2020年第一批拟认定高新技术企业名单的通知,http://www.innocom.gov.cn/gqrdw/c101438/202012/4eac388103c548a9b8df35a81ed0bd61.shtml
关于公示陕西省2019年第二批拟认定高新技术企业名单的通知,http://www.innocom.gov.cn/gqrdw/c101438/201912/7a0cbca23f814479a6ac75b222f9f8f1.shtml
关于公示陕西省2019年第一批拟认定高新技术企业名单的通知,http://www.innocom.gov.cn/gqrdw/c101438/201911/e0d96166f9424b1ebd4f60fc9e9f387b.shtml
关于公示陕西省2018年第二批拟认定高新技术企业名单的通知,http://www.innocom.gov.cn/gqrdw/c101438/201811/fc4dc0a8fa30434e84f05e2b5af4e505.shtml
关于公示陕西省2018年第一批拟认定高新技术企业名单的通知,http://www.innocom.gov.cn/gqrdw/c101438/201810/18f79dd2037349fea2018c14bc54dfe7.shtml
关于公示甘肃省2020年第二批拟认定高新技术企业名单的通知,http://www.innocom.gov.cn/gqrdw/c101439/202010/b64ad377065240aa901b37e4541f27be.shtml
关于公示甘肃省2020年第一批拟认定高新技术企业名单的通知,http://www.innocom.gov.cn/gqrdw/c101439/202009/833d993562574846905283a509f07599.shtml
关于公示甘肃省2019年第二批拟认定高新技术企业名单的通知,http://www.innocom.gov.cn/gqrdw/c101439/201911/8e8598ce4563413991402b65acb331fb.shtml
关于甘肃省2019年第一批更名高新技术企业申请备案的函,http://www.innocom.gov.cn/gqrdw/c101439/201911/591ae4f6ed2c49d98f0f47f57bbf4b9f.shtml
关于公示甘肃省2019年第一批拟认定高新技术企业名单的通知,http://www.innocom.gov.cn/gqrdw/c101439/201908/1822056bf659489dbc55448893751057.shtml
关于公示甘肃省2018年第二批拟认定高新技术企业名单的通知,http://www.innocom.gov.cn/gqrdw/c101439/201810/690bc8f863984e2ebd30be0ddd3604e8.shtml
关于公示甘肃省2018年第一批拟认定高新技术企业名单的通知,http://www.innocom.gov.cn/gqrdw/c101439/201807/ca45691ce42a4b1c9b15717c4999eca7.shtml
关于公示青海省2020年第一批拟认定高新技术企业名单的通知,http://www.innocom.gov.cn/gqrdw/c101440/202011/8352a2e9d08b4b01803c2e675cefcdd0.shtml
关于公示青海省2019年第一批拟认定高新技术企业名单的通知,http://www.innocom.gov.cn/gqrdw/c101440/201911/b66b2cd0cbc14b06bf5164ff99e83abb.shtml
关于公示青海省2018年第一批拟认定高新技术企业名单的通知,http://www.innocom.gov.cn/gqrdw/c101440/201811/9405eeeb698d4cc3aa32685b8d50f18d.shtml
关于同意2018年度青海省第一批高新技术企业更名的通知,http://www.innocom.gov.cn/gqrdw/c101440/201803/701752e3b19941ecb26ac18b021efe20.shtml
关于公示宁夏回族自治区2020年第二批拟认定高新技术企业名单的通知,http://www.innocom.gov.cn/gqrdw/c101441/202011/57925bf70f5d48bea5e9ccb0d2ae4a64.shtml
关于公示宁夏回族自治区2020年第一批拟认定高新技术企业名单的通知,http://www.innocom.gov.cn/gqrdw/c101441/202008/09cb9c1ce7f6430092510ba87a893c5a.shtml
关于公示宁夏回族自治区2019年第二批拟认定高新技术企业名单的通知,http://www.innocom.gov.cn/gqrdw/c101441/201911/11fe2f7c9c0c4d9aa7e5282972865f06.shtml
关于公示宁夏回族自治区2019年第一批拟认定高新技术企业名单的通知,http://www.innocom.gov.cn/gqrdw/c101441/201909/4f186c78123b45359eed20e88a750d46.shtml
关于公示宁夏回族自治区2018年第二批拟认定高新技术企业名单的通知,http://www.innocom.gov.cn/gqrdw/c101441/201811/83cd51938dc64d43b92b310c60ac807b.shtml
关于公示宁夏回族自治区2018年第一批拟认定高新技术企业名单的通知,http://www.innocom.gov.cn/gqrdw/c101441/201810/ad022127fd2d4a5eb03d2638dd32b52a.shtml
关于公示新疆维吾尔自治区2020年第二批拟认定高新技术企业名单的通知,http://www.innocom.gov.cn/gqrdw/c101442/202012/1f0deaa2f923423d97ee4e10fb5ce3cb.shtml
关于公示新疆维吾尔自治区2020年第一批拟认定高新技术企业名单的通知,http://www.innocom.gov.cn/gqrdw/c101442/202010/8a236a81be2a441bb286f1dc12823544.shtml
关于公示新疆维吾尔自治区2019年第三批拟认定高新技术企业名单的通知,http://www.innocom.gov.cn/gqrdw/c101442/201911/982ce58bcfff407f86e1d4a1fef3b3a6.shtml
关于公示新疆维吾尔自治区2019年第二批拟认定高新技术企业名单的通知,http://www.innocom.gov.cn/gqrdw/c101442/201909/ab13d19cc22e4b58a53aa269c4daef43.shtml
关于公示新疆维吾尔自治区2019年第一批拟认定高新技术企业名单的通知,http://www.innocom.gov.cn/gqrdw/c101442/201909/47ecabb21d91496d8c4dd821981d29a4.shtml
关于公示新疆维吾尔自治区2018年第三批拟认定高新技术企业名单的通知,http://www.innocom.gov.cn/gqrdw/c101442/201811/2e125b73cbd1458a89071f5500062132.shtml
关于公示新疆维吾尔自治区2018年第二批拟认定高新技术企业名单的通知,http://www.innocom.gov.cn/gqrdw/c101442/201810/c324e135ea664bc186c138a8f9c13af7.shtml
关于公示新疆维吾尔自治区2018年第一批拟认定高新技术企业名单的通知,http://www.innocom.gov.cn/gqrdw/c101442/201808/21f7cbe1f1c04edab774d99725440308.shtml
