序号,主办单位名称,主办单位性质,网站备案号,网站名称,网站首页,审核日期,是否限制接入,操作
1,华为技术有限公司,企业,粤A2-20044005号-31,华为消费者业务CDN网站,www.huaweistatic.com,2021-01-29,否,详情
2,华为技术有限公司,企业,粤A2-20044005号-33,华为帮助,www.dbankcdn.com,2021-01-29,否,详情
3,华为技术有限公司,企业,粤A2-20044005号-37,华为远程实验室,www.huaweielab.com,2021-01-29,否,详情
4,华为技术有限公司,企业,粤A2-20044005号-54,固定网络数字化建设与运营,www.gneeccloud.com,2021-01-29,否,详情
5,华为技术有限公司,企业,粤A2-20044005号-51,华为技术有限公司,183.220.4.146,2021-01-29,否,详情
6,华为技术有限公司,企业,粤A2-20044005号-23,华为学习云服务,www.huaweils.com,2021-01-29,否,详情
7,华为技术有限公司,企业,粤A2-20044005号-65,华为应用平台1,www.cdnhwc1.cn,2021-01-29,否,详情
8,华为技术有限公司,企业,粤A2-20044005号-8,华为技术有限公司,www.huawei.com,2021-01-29,否,详情
9,华为技术有限公司,企业,粤A2-20044005号-32,华为终端,www.huaweidevice.com,2021-01-29,否,详情
10,华为技术有限公司,企业,粤A2-20044005号-74,远程登录界面,183.220.4.21,2021-01-29,否,详情
11,华为技术有限公司,企业,粤A2-20044005号-55,固定网络数字化建设与运营,www.gneec.com.cn,2021-01-29,否,详情
12,华为技术有限公司,企业,粤A2-20044005号-67,华为应用平台3,www.cdnhwc2.cn,2021-01-29,否,详情
13,华为技术有限公司,企业,粤A2-20044005号-19,深圳慧通商务,www.hwht.cn,2021-01-29,否,详情
14,华为技术有限公司,企业,粤A2-20044005号-56,固定网络数字化建设与运营-节点3,www.gneec3.com,2021-01-29,否,详情
15,华为技术有限公司,企业,粤A2-20044005号-71,华为云服务域名,www.hc-cdn.cn,2021-01-29,否,详情
16,华为技术有限公司,企业,粤A2-20044005号-85,华为云DDoS防护服务,www.huaweisafehub.cn,2021-01-29,否,详情
17,华为技术有限公司,企业,粤A2-20044005号-86,API网关服务,www.huaweicloudapis.cn,2021-01-29,否,详情
18,华为技术有限公司,企业,粤A2-20044005号-88,多样性算力产业联盟,www.dcia.org.cn,2021-03-09,否,详情
19,华为技术有限公司,企业,粤A2-20044005号-89,华为应用平台,www.cdnhwc7.cn,2021-04-25,否,详情
20,华为技术有限公司,企业,粤A2-20044005号-59,华为云官网,www.huaweiyun.com,2021-01-29,否,详情
21,华为技术有限公司,企业,粤A2-20044005号-80,华为云网融合-天翼云,www.cloudnet-ecloud.com.cn,2021-01-29,否,详情
22,华为技术有限公司,企业,粤A2-20044005号-45,黎曼地图,www.hwgis.cn,2021-01-29,否,详情
23,华为技术有限公司,企业,粤A2-20044005号-45,黎曼地图,www.hwgis.cn,2021-01-29,否,详情
24,华为技术有限公司,企业,粤A2-20044005号-60,智能边缘平台,www.huaweiief.com,2021-01-29,否,详情
25,华为技术有限公司,企业,粤A2-20044005号-62,智能运维云平台,www.teleows.com,2021-01-29,否,详情
26,华为技术有限公司,企业,粤A2-20044005号-66,华为应用平台2,www.cdnhwc3.cn,2021-01-29,否,详情
27,华为技术有限公司,企业,粤A2-20044005号-87,综合网管-esightOnline,www.esightonline.com,2021-01-29,否,详情
28,华为技术有限公司,企业,粤A2-20044005号-44,黎曼地图,www.hwmap.cn,2021-01-29,否,详情
29,华为技术有限公司,企业,粤A2-20044005号-72,华为云服务域名,www.huaweisre.cn,2021-01-29,否,详情
30,华为技术有限公司,企业,粤A2-20044005号-63,智能运维云平台,www.owsgo.com,2021-01-29,否,详情
31,华为技术有限公司,企业,粤A2-20044005号-7,华为海思,www.hisilicon.com,2021-01-29,否,详情
32,华为技术有限公司,企业,粤A2-20044005号-43,Hi学习社区,www.hiclc.com,2021-01-29,否,详情
33,华为技术有限公司,企业,粤A2-20044005号-57,固定网络数字化建设与运营-节点4,www.gneec4.com,2021-01-29,否,详情
34,华为技术有限公司,企业,粤A2-20044005号-76,CDN内容加速,www.livehwc3.cn,2021-01-29,否,详情
35,华为技术有限公司,企业,粤A2-20044005号-81,华为应用平台,www.cdnhwc6.com,2021-01-29,否,详情
36,华为技术有限公司,企业,粤A2-20044005号-34,慧通商务,www.smartcom.cc,2021-01-29,否,详情
37,华为技术有限公司,企业,粤A2-20044005号-36,SpeedVideo全球运营平台,www.speedvr.cn,2021-01-29,否,详情
38,华为技术有限公司,企业,粤A2-20044005号-42,华为运维云,www.hwocloud.com,2021-01-29,否,详情
39,华为技术有限公司,企业,粤A2-20044005号-39,华为公有云系统,www.hwcloudlive.com,2021-01-29,否,详情
40,华为技术有限公司,企业,粤A2-20044005号-82,华为应用平台,www.cdnhwc7.com,2021-01-29,否,详情
41,华为技术有限公司,企业,粤A2-20044005号-69,华为云服务域名,www.myhuaweicloud.cn,2021-01-29,否,详情
42,华为技术有限公司,企业,粤A2-20044005号-31,华为消费者业务CDN网站,www.huaweistatic.com,2021-01-29,否,详情
43,华为技术有限公司,企业,粤A2-20044005号-33,华为帮助,www.dbankcdn.com,2021-01-29,否,详情
44,华为技术有限公司,企业,粤A2-20044005号-37,华为远程实验室,www.huaweielab.com,2021-01-29,否,详情
45,华为技术有限公司,企业,粤A2-20044005号-54,固定网络数字化建设与运营,www.gneeccloud.com,2021-01-29,否,详情
46,华为技术有限公司,企业,粤A2-20044005号-51,华为技术有限公司,183.220.4.146,2021-01-29,否,详情
47,华为技术有限公司,企业,粤A2-20044005号-23,华为学习云服务,www.huaweils.com,2021-01-29,否,详情
48,华为技术有限公司,企业,粤A2-20044005号-65,华为应用平台1,www.cdnhwc1.cn,2021-01-29,否,详情
49,华为技术有限公司,企业,粤A2-20044005号-8,华为技术有限公司,www.huawei.com,2021-01-29,否,详情
50,华为技术有限公司,企业,粤A2-20044005号-32,华为终端,www.huaweidevice.com,2021-01-29,否,详情
51,华为技术有限公司,企业,粤A2-20044005号-68,华为应用平台4,www.cdnhwc5.cn,2021-01-29,否,详情
52,华为技术有限公司,企业,粤A2-20044005号-35,华为企业业务ITSM平台,www.hwitsm.com.cn,2021-01-29,否,详情
53,华为技术有限公司,企业,粤A2-20044005号-83,华为应用平台,www.cdnhwc5.com,2021-01-29,否,详情
54,华为技术有限公司,企业,粤A2-20044005号-50,华为金耳朵认证网站,www.goldenear.club,2021-01-29,否,详情
55,华为技术有限公司,企业,粤A2-20044005号-77,华为云静态资源服务,www.myhwcdn.cn,2021-01-29,否,详情
56,华为技术有限公司,企业,粤A2-20044005号-84,华为云高防服务,www.huaweisafedns.cn,2021-01-29,否,详情
57,华为技术有限公司,企业,粤A2-20044005号-22,华为技术有限公司,www.hwtrip.com,2021-01-29,否,详情
58,华为技术有限公司,企业,粤A2-20044005号-61,华为服务APP,www.hwccpc.cn,2021-01-29,否,详情
59,华为技术有限公司,企业,粤A2-20044005号-55,固定网络数字化建设与运营,www.gneec.com.cn,2021-01-29,否,详情
60,华为技术有限公司,企业,粤A2-20044005号-67,华为应用平台3,www.cdnhwc2.cn,2021-01-29,否,详情
61,华为技术有限公司,企业,粤A2-20044005号-81,华为应用平台,www.cdnhwc6.com,2021-01-29,否,详情
62,华为技术有限公司,企业,粤A2-20044005号-34,慧通商务,www.smartcom.cc,2021-01-29,否,详情
63,华为技术有限公司,企业,粤A2-20044005号-36,SpeedVideo全球运营平台,www.speedvr.cn,2021-01-29,否,详情
64,华为技术有限公司,企业,粤A2-20044005号-42,华为运维云,www.hwocloud.com,2021-01-29,否,详情
65,华为技术有限公司,企业,粤A2-20044005号-39,华为公有云系统,www.hwcloudlive.com,2021-01-29,否,详情
66,华为技术有限公司,企业,粤A2-20044005号-82,华为应用平台,www.cdnhwc7.com,2021-01-29,否,详情
